[["TaxiFarePrediction"],{"nodes":[{"id":"295708e8-ba9f-4911-83b7-3103eac5396e","x":18.671875,"y":132,"width":250,"color":"#00b300","font_color":"white","border_color":"black","can_remove":true,"label":"Start","description":"","input":[{"name":"in","label":"Input","scopes":["a"],"id":"295708e8-ba9f-4911-83b7-3103eac5396e-in"}],"output":[{"name":"out_true","label":"True","scopes":["a"],"id":"295708e8-ba9f-4911-83b7-3103eac5396e-out_true"},{"name":"out_false","label":"False","scopes":["a"],"id":"295708e8-ba9f-4911-83b7-3103eac5396e-out_false"}],"implementation":"ZenStart","viewId":"View","scope":"MainWorkflow","elementProperties":{"REPEATABLE":"1","ACTIVE":"1"},"file":"ZenStart"},{"id":"310fc6da-830c-4369-9a96-487249b8f2fe","x":324.609375,"y":137,"width":250,"color":"#00b300","font_color":"white","border_color":"black","can_remove":true,"label":"ObjectDetection","description":"","input":[{"name":"in","label":"Input","scopes":["a"],"id":"310fc6da-830c-4369-9a96-487249b8f2fe-in"}],"output":[{"name":"out_true","label":"True","scopes":["a"],"id":"310fc6da-830c-4369-9a96-487249b8f2fe-out_true"},{"name":"out_false","label":"False","scopes":["a"],"id":"310fc6da-830c-4369-9a96-487249b8f2fe-out_false"}],"implementation":"ZenCsScriptWrapper","viewId":"View","scope":"MainWorkflow","elementProperties":{"PRINT_CODE":"0","SCRIPT_TEXT":"\n&lt;header&gt;\nreference ObjectDetection/assets/ObjectDetection&period;dll;\nusing System;\nusing ObjectDetection;\n&lt;/header&gt;\n\n&lt;code run=&quot;true&quot;&gt;\ntry\n{\n    Wrapper b = new  Wrapper(&quot;ObjectDetection/assets/assets&quot;);\n    b&period;Recognize();\n}\ncatch(Exception ex)\n{\n    Console&period;WriteLine(ex&period;Message);    \n}\n&lt;/code&gt;"},"file":"ZenCsScriptWrapper"}],"wires":[{"source":"295708e8-ba9f-4911-83b7-3103eac5396e-out_true","target":"310fc6da-830c-4369-9a96-487249b8f2fe-in"}]},"TaxiFarePrediction"]