[["TaxiFarePrediction"],{"nodes":[{"id":"295708e8-ba9f-4911-83b7-3103eac5396e","x":18.671875,"y":132,"width":250,"color":"#00b300","font_color":"white","border_color":"black","can_remove":true,"label":"Start","description":"","input":[{"name":"in","label":"Input","scopes":["a"],"id":"295708e8-ba9f-4911-83b7-3103eac5396e-in"}],"output":[{"name":"out_true","label":"True","scopes":["a"],"id":"295708e8-ba9f-4911-83b7-3103eac5396e-out_true"},{"name":"out_false","label":"False","scopes":["a"],"id":"295708e8-ba9f-4911-83b7-3103eac5396e-out_false"}],"implementation":"ZenStart","viewId":"View","scope":"MainWorkflow","elementProperties":{"REPEATABLE":"1","ACTIVE":"1"}},{"id":"576fa15d-43bc-47ea-a194-9bd02e52e60b","x":348.296875,"y":135,"width":250,"color":"#00b300","font_color":"white","border_color":"black","can_remove":true,"label":"BikeSharingDemand","description":"","input":[{"name":"in","label":"Input","scopes":["a"],"id":"576fa15d-43bc-47ea-a194-9bd02e52e60b-in"}],"output":[{"name":"out_true","label":"True","scopes":["a"],"id":"576fa15d-43bc-47ea-a194-9bd02e52e60b-out_true"},{"name":"out_false","label":"False","scopes":["a"],"id":"576fa15d-43bc-47ea-a194-9bd02e52e60b-out_false"}],"implementation":"ZenCsScriptWrapper","viewId":"View","scope":"MainWorkflow","elementProperties":{"PRINT_CODE":"0","SCRIPT_TEXT":"\n&lt;header&gt;\nreference BikeSharingDemand/assets/BikeSharingDemand&period;dll;\nusing System;\nusing BikeSharingDemand;\n&lt;/header&gt;\n\n&lt;code run=&quot;true&quot;&gt;\ntry\n{\n    Wrapper b = new  Wrapper(&quot;BikeSharingDemand/assets/Data/hour_train&period;csv&quot;&comma;&quot;BikeSharingDemand/assets/Data/hour_test&period;csv&quot;&comma;@&quot;BikeSharingDemand/assets/Models&quot;);\n    b&period;Start();\n}\ncatch(Exception ex)\n{\n    Console&period;WriteLine(ex&period;Message);    \n}\n&lt;/code&gt;"}}],"wires":[{"source":"295708e8-ba9f-4911-83b7-3103eac5396e-out_true","target":"576fa15d-43bc-47ea-a194-9bd02e52e60b-in"}]},"TaxiFarePrediction"]